<?xml version="1.0" encoding="UTF-8"?>
<addon id="plugin.video.SomeOneDudOrg"
       version="0.0.2"
       name="SomeOneDudOrg Movies Plugin"
       provider-name="SomeOneDudOrg">
<requires>
  <import addon="xbmc.python" version="2.6.0"/>
</requires>
<extension point="xbmc.python.pluginsource" library="main.py">
  <provides>video</provides>
</extension>
<extension point="xbmc.addon.metadata">
  <summary lang="en">SomeOneDudOrg Movies Plugin</summary>
  <description lang="en">Watch movies by SomeOneDudOrg</description>
  <disclaimer> </disclaimer>
  <assets>
    <icon>icon.png</icon>
    <fanart>fanart.jpg</fanart>
  </assets>
</extension>
</addon>
